Country Name,Country Code,Indicator Name,2005,2006,2007,2008,2009,2010,2011,2012,2013,2014,2015
Aruba,ABW,Current health expenditure (% of GDP),,,,,,,,,,,
Afghanistan,AFG,Current health expenditure (% of GDP),9.94828911,10.62276563,9.90467425,10.25649568,9.81848731,8.56967118,8.56190731,7.89716844,8.8059641,9.6523559,10.29759481
Angola,AGO,Current health expenditure (% of GDP),3.97699155,3.60097135,3.21629104,3.49937473,3.58452225,2.74149872,2.84313911,2.66495273,2.99269854,2.799603,2.94697845
Albania,ALB,Current health expenditure (% of GDP),6.34283049,5.932672,6.12899956,5.58280539,5.10230605,5.03476136,5.63434989,5.8607223,6.34386088,6.9565315,6.82443871
Andorra,AND,Current health expenditure (% of GDP),9.77875476,9.71331952,9.80833812,10.4328092,10.89586944,11.56620393,11.82564064,12.09021338,14.1583755,12.03078576,11.97477605
Arab World,ARB,Current health expenditure (% of GDP),3.497050536,3.471658787,3.56306856,3.379315219,4.384158461,3.971061967,3.94731184,4.078135889,4.243065374,4.517420606,4.896603431
United Arab Emirates,ARE,Current health expenditure (% of GDP),2.32019946,2.32541521,2.56569632,2.92847604,4.04999497,3.92941728,3.69260579,3.43584381,3.62004938,3.66370326,3.46589995
Argentina,ARG,Current health expenditure (% of GDP),6.37587812,6.41563467,6.41917175,6.27060408,6.99700605,6.75599601,6.3430355,6.25796402,6.38798122,6.4076248,6.83453274
Armenia,ARM,Current health expenditure (% of GDP),7.03488045,5.58846107,5.44514349,4.34674994,4.68904566,5.2641816,3.77726009,6.71185962,8.26983927,7.04152649,10.14083813
American Samoa,ASM,Current health expenditure (% of GDP),,,,,,,,,,,
Antigua and Barbuda,ATG,Current health expenditure (% of GDP),4.38390143,4.33457696,4.23211378,4.64378818,4.74817518,5.54808738,5.73013736,5.09503945,5.36221691,5.67570032,4.8439976
Australia,AUS,Current health expenditure (% of GDP),7.97385869,7.9832171,8.05731666,8.26152587,8.58760162,8.46778244,8.58572447,8.72550204,8.80584355,9.07924999,9.44533327
Austria,AUT,Current health expenditure (% of GDP),9.58190549,9.4818364,9.47828009,9.63474273,10.14206027,10.11228382,9.90937053,10.13021724,10.18611195,10.28596661,10.31988167
Azerbaijan,AZE,Current health expenditure (% of GDP),7.39807286,5.75062254,4.71671493,4.0016965,5.39187314,4.90651632,4.79071037,5.10251755,5.35835644,5.65431536,6.67801847
Burundi,BDI,Current health expenditure (% of GDP),9.44885041,10.32895225,10.17669948,9.38694147,10.54189932,11.27638905,10.42525276,8.63756421,8.22941463,6.81046604,8.24294928
Belgium,BEL,Current health expenditure (% of GDP),9.02350513,8.92097795,8.94994358,9.33923619,10.07083958,9.91800872,10.08100716,10.18429342,10.36682111,10.39503365,10.47712841
Benin,BEN,Current health expenditure (% of GDP),4.02721532,4.07914606,3.96096526,3.69621279,3.86436185,4.11092841,4.24350868,4.66542805,3.90679093,3.64550634,3.99190103
Burkina Faso,BFA,Current health expenditure (% of GDP),4.44379706,5.07741606,5.88637817,5.22738885,5.71526658,5.8929595,5.20144013,4.89312958,6.0598732,5.5543054,5.446772
Bangladesh,BGD,Current health expenditure (% of GDP),2.80035721,2.48439623,2.55897935,2.48848265,2.56097864,2.68101159,2.78282985,2.74823467,2.65446803,2.65588312,2.63947252
Bulgaria,BGR,Current health expenditure (% of GDP),6.94420055,6.57317955,6.15947624,6.29068295,6.61345274,7.10581466,7.14387251,7.59139434,7.84915068,8.51112283,8.20309288
Bahrain,BHR,Current health expenditure (% of GDP),2.9649701,2.88185619,2.88082811,2.85197916,3.4509613,3.28622345,3.05625365,4.16341465,4.26015603,4.6204032,5.15597207
"Bahamas, The",BHS,Current health expenditure (% of GDP),5.86539039,6.79171459,6.97199477,7.27563753,7.46762962,7.44666594,7.64282772,7.63183368,7.36916217,7.25248151,7.36430256
Bosnia and Herzegovina,BIH,Current health expenditure (% of GDP),9.06968113,9.18762998,9.54887002,9.74147227,9.04409906,9.04325212,9.185819,9.50130795,9.4868973,9.56130986,9.38256029
Belarus,BLR,Current health expenditure (% of GDP),6.27681332,5.76302156,5.88530597,5.47312729,5.48694215,5.25358456,4.65970944,5.32071235,5.75987524,5.44691172,6.11132497
Belize,BLZ,Current health expenditure (% of GDP),4.43937737,4.4515808,4.9168959,5.04745552,5.76753057,5.81318245,5.62318857,5.44295431,5.80400431,5.7877717,6.21022542
Bermuda,BMU,Current health expenditure (% of GDP),,,,,,,,,,,
Bolivia,BOL,Current health expenditure (% of GDP),4.96250759,4.58526001,4.61664191,4.53074593,5.08072997,5.09674297,5.063233,5.12534189,5.52459615,5.77724915,6.41118015
Brazil,BRA,Current health expenditure (% of GDP),8.04198317,8.25931229,8.20935329,8.02144059,8.41739326,7.97347399,7.81721065,7.81654745,7.98836151,8.43189215,8.91148377
Barbados,BRB,Current health expenditure (% of GDP),6.30664913,6.22641394,6.24855984,6.77805834,6.98373768,6.93276105,7.4027464,8.32163797,8.15293834,7.67989826,7.45704335
Brunei Darussalam,BRN,Current health expenditure (% of GDP),2.22967588,1.90329323,1.94069532,1.86958547,2.39306613,2.278261,1.86409724,1.8509721,2.12126808,2.16468925,2.62277523
Bhutan,BTN,Current health expenditure (% of GDP),3.52634223,3.11674057,3.28549194,3.18328444,3.45796152,3.18004807,3.01188169,3.18008052,3.34298809,3.16668863,3.48610414
Botswana,BWA,Current health expenditure (% of GDP),5.26284678,5.00414503,5.25331187,5.71637698,6.74577338,5.58384014,6.32418968,6.36700225,5.43635119,5.30536553,5.97091586
Central African Republic,CAF,Current health expenditure (% of GDP),4.48761767,4.22339167,4.89863129,4.37274389,4.37322902,3.79947257,3.81754788,3.64945224,4.39283339,4.70776949,4.77627738
Canada,CAN,Current health expenditure (% of GDP),9.06438659,9.20705492,9.29843486,9.46510237,10.57411286,10.56224303,10.21966427,10.22293061,10.11527248,9.98701726,10.43562237
Central Europe and the Baltics,CEB,Current health expenditure (% of GDP),6.419890638,6.290467643,6.234899483,6.472484882,6.944253389,6.852339116,6.581948693,6.595764522,6.778159251,6.65973169,6.598443546
Switzerland,CHE,Current health expenditure (% of GDP),10.25552601,9.80688646,9.63476584,9.78037499,10.3879994,10.74184623,10.8150671,11.09748916,11.36265439,11.5896008,12.05701692
Channel Islands,CHI,Current health expenditure (% of GDP),,,,,,,,,,,
Chile,CHL,Current health expenditure (% of GDP),6.58871471,6.03516767,6.17537488,6.74047972,7.20918359,6.77489386,6.77178821,7.02092017,7.35929944,7.612443,8.07108586
China,CHN,Current health expenditure (% of GDP),4.29369025,4.1599283,3.9967083,4.25663806,4.60359177,4.45772172,4.61926289,4.7930862,4.86611082,4.96416417,5.31586777
Cote d'Ivoire,CIV,Current health expenditure (% of GDP),5.35241981,5.80477825,6.25633361,6.12211255,6.22353974,6.1470739,5.94043319,5.95367665,5.0650288,5.19989773,5.43583318
Cameroon,CMR,Current health expenditure (% of GDP),4.48075366,4.42326348,4.55372649,4.98175334,4.817957,4.98464054,3.75035478,4.99368022,4.92667693,4.9434768,5.11302542
"Congo, Dem. Rep.",COD,Current health expenditure (% of GDP),3.01677089,3.14454016,3.30767471,3.8647742,5.19987883,4.04224116,3.51891415,3.57940365,3.88066936,4.36001549,4.2713599
"Congo, Rep.",COG,Current health expenditure (% of GDP),1.87587189,1.78239931,1.98728662,2.1909095,2.16249503,2.02563055,1.89927356,2.00164388,2.40305665,2.43787304,3.43391175
Colombia,COL,Current health expenditure (% of GDP),5.4713602,5.73355453,5.73759002,6.0297664,6.39277105,6.14410853,5.94200143,6.102471,6.0140621,6.40277332,6.19132764
Comoros,COM,Current health expenditure (% of GDP),10.06055309,9.67427264,9.44319615,9.10181544,8.74634779,8.7496296,9.47382276,8.29083315,8.28852611,8.04553398,8.04626019
Cabo Verde,CPV,Current health expenditure (% of GDP),4.79452278,5.01245137,4.18901101,3.58312578,3.88152673,4.47557722,4.30527433,4.63269543,4.40474279,4.95553334,4.84722016
Costa Rica,CRI,Current health expenditure (% of GDP),6.69057874,6.96784914,7.02749474,7.50429628,7.88572782,8.0964391,8.44238455,8.13319256,8.29400371,8.15511808,8.14558457
Caribbean small states,CSS,Current health expenditure (% of GDP),5.129733146,5.039848424,5.246717608,5.221078748,6.028160375,5.765683856,5.797053488,5.858566504,5.89923049,5.800063505,6.219595778
Cuba,CUB,Current health expenditure (% of GDP),,,,,,,,,,,
Curacao,CUW,Current health expenditure (% of GDP),,,,,,,,,,,
Cayman Islands,CYM,Current health expenditure (% of GDP),,,,,,,,,,,
Cyprus,CYP,Current health expenditure (% of GDP),5.28617016,5.30853318,5.19121611,6.01936231,6.46461028,6.27779476,6.59134564,6.69358401,6.91217119,6.80104056,6.76967432
Czech Republic,CZE,Current health expenditure (% of GDP),6.39464022,6.20554248,6.02907661,6.37362529,7.30886385,6.94350531,6.97689183,7.02843525,7.8066952,7.65308523,7.30822225
Germany,DEU,Current health expenditure (% of GDP),10.27520145,10.12848637,9.9845617,10.18050231,11.16714358,11.03489841,10.74721063,10.80503651,10.96799989,11.05036714,11.15156851
Djibouti,DJI,Current health expenditure (% of GDP),4.52727705,4.89260073,4.79323895,4.47885684,4.51186996,4.29711004,4.73829396,4.63176867,4.09869831,4.13814365,4.38930145
Dominica,DMA,Current health expenditure (% of GDP),4.58911167,4.54014644,4.66885575,4.54057885,4.95665788,5.06136278,4.64158975,5.38371509,5.04763882,5.16360929,5.42679909
Denmark,DNK,Current health expenditure (% of GDP),9.0905709,9.16879674,9.32515549,9.51134351,10.67431683,10.37557581,10.19668712,10.26924257,10.21234699,10.26173761,10.32620701
Dominican Republic,DOM,Current health expenditure (% of GDP),4.62479485,4.23398214,4.21651692,4.73837132,5.1063667,5.59167671,5.64417477,5.90632106,5.99589083,6.12684589,6.22404145
Algeria,DZA,Current health expenditure (% of GDP),3.23516785,3.35510356,3.82141742,4.20188259,5.35939813,5.11716997,5.26764985,6.00084141,6.03493093,6.54192588,7.05668786
East Asia & Pacific (excluding high income),EAP,Current health expenditure (% of GDP),4.028841977,3.948732106,3.858547992,4.053446359,4.376566109,4.287832422,4.419580479,4.585030547,4.664410096,4.779806146,5.088972325
Early-demographic dividend,EAR,Current health expenditure (% of GDP),4.813746378,4.740452123,4.72630785,4.679385474,5.028089339,4.890329173,4.757451123,4.808839489,4.878969851,4.905406908,5.109211553
East Asia & Pacific,EAS,Current health expenditure (% of GDP),6.283291932,6.125947873,5.956456278,6.109126683,6.58408087,6.477154247,6.915881169,6.963227956,6.70488875,6.666623524,6.769169754
Europe & Central Asia (excluding high income),ECA,Current health expenditure (% of GDP),5.312324648,5.310919003,5.295810468,5.279354949,5.847304187,5.384998501,5.102666375,5.250380921,5.365609501,5.387941038,5.258756763
Europe & Central Asia,ECS,Current health expenditure (% of GDP),8.454572376,8.352204825,8.254040122,8.441778649,9.241812869,9.026303511,8.883064573,8.900819069,9.139517053,9.249078274,9.338530099
Ecuador,ECU,Current health expenditure (% of GDP),5.57840224,5.68721674,5.86400879,6.07842245,6.64913779,7.51893051,7.765416,8.38016013,8.53442772,8.64191941,8.5431596
"Egypt, Arab Rep.",EGY,Current health expenditure (% of GDP),5.17567317,5.09114457,4.67436552,4.69625907,4.6041067,4.36683865,4.58135803,4.94391493,4.58831011,4.08911985,4.17154673
Euro area,EMU,Current health expenditure (% of GDP),9.286942691,9.211860222,9.113448008,9.399473153,10.12690832,10.08278435,9.977598077,10.08424427,10.1612281,10.22142055,10.1921245
Eritrea,ERI,Current health expenditure (% of GDP),5.31210185,5.29248318,4.08505054,4.66381992,4.00004626,3.67293802,3.39088082,3.18760004,3.18699399,3.3678635,3.31743337
Spain,ESP,Current health expenditure (% of GDP),7.67640382,7.75518882,7.83671201,8.28908822,8.98892964,9.02218513,9.09151309,9.07300093,9.01941268,9.08340734,9.16537519
Estonia,EST,Current health expenditure (% of GDP),4.95591487,4.91832388,5.02833859,5.75219921,6.54284987,6.33367988,5.82261993,5.82746489,6.02309675,6.21052418,6.51253969
Ethiopia,ETH,Current health expenditure (% of GDP),4.13473134,4.25968777,4.83844068,4.31219295,4.44146016,5.5414362,4.50995277,4.57238968,4.07506484,4.03369147,4.04684368
European Union,EUU,Current health expenditure (% of GDP),8.748842321,8.698970399,8.630112297,8.919284097,9.680296237,9.596323354,9.553335761,9.630370279,9.917692918,9.944788954,9.926118129
Fragile and conflict affected situations,FCS,Current health expenditure (% of GDP),4.138830572,4.098130231,4.295946544,4.096319923,4.749872908,4.517195029,4.451451761,4.410919668,4.534659196,4.893613012,5.347597683
Finland,FIN,Current health expenditure (% of GDP),7.99793901,8.00452049,7.82608316,8.08408557,8.8716979,8.86869375,8.94886955,9.29113583,9.49202117,9.48001158,9.44569068
Fiji,FJI,Current health expenditure (% of GDP),3.5281609,3.62724012,3.69979756,3.332617,3.70077439,3.57552919,3.40455083,3.53699015,3.46669259,3.66050261,3.55412007
France,FRA,Current health expenditure (% of GDP),10.17983581,10.04536783,9.96160043,10.10223474,10.80662093,10.71304671,10.72586389,10.8276972,10.92933097,11.10007654,11.0664428
Faroe Islands,FRO,Current health expenditure (% of GDP),,,,,,,,,,,
"Micronesia, Fed. Sts.",FSM,Current health expenditure (% of GDP),11.4620996,10.6528189,11.05850584,11.85257576,12.55259286,12.94466667,12.89123794,11.97959509,11.92774367,12.40041824,13.09149841
Gabon,GAB,Current health expenditure (% of GDP),2.77914653,2.90599245,2.88247375,2.5522797,3.46409337,2.47556916,2.55771579,2.42097551,2.84087184,2.53282247,2.67891653
United Kingdom,GBR,Current health expenditure (% of GDP),7.23952802,7.3843617,7.48933098,7.7415566,8.57783606,8.50761193,8.45869043,8.47576291,9.85475594,9.79945656,9.87677211
Georgia,GEO,Current health expenditure (% of GDP),8.30393254,7.83901378,7.64975874,8.68152031,9.83542755,9.54538881,8.39221163,8.37314174,8.39572392,8.43567753,7.93235924
Ghana,GHA,Current health expenditure (% of GDP),6.31860307,6.17445292,6.18850968,6.40629742,6.50636994,6.51719422,6.09082792,5.460606,5.76604281,5.53055582,5.90823662
Gibraltar,GIB,Current health expenditure (% of GDP),,,,,,,,,,,
Guinea,GIN,Current health expenditure (% of GDP),4.52538655,4.26176431,4.57823393,4.25948508,4.27911819,4.44460426,5.07420246,4.56736105,4.65245021,4.31473909,4.53653174
"Gambia, The",GMB,Current health expenditure (% of GDP),4.9077759,5.46509211,5.71812343,5.91565753,5.78185463,5.73596691,6.20478405,6.11916963,6.14811505,7.00506273,6.74591261
Guinea-Bissau,GNB,Current health expenditure (% of GDP),6.27292304,6.42834736,6.80852902,6.84519607,6.58135048,6.15926581,5.40450574,4.76320364,4.67240271,6.2887225,6.87939957
Equatorial Guinea,GNQ,Current health expenditure (% of GDP),0.83872708,1.46970765,1.47406683,1.31925308,1.68699149,1.53191787,1.34881389,1.44458264,1.72544761,1.77478374,2.6970827
Greece,GRC,Current health expenditure (% of GDP),8.99658356,8.96532477,9.06037355,9.38345943,9.46849801,9.560039,9.09809742,8.77645644,8.33554363,7.94134054,8.38483836
Grenada,GRD,Current health expenditure (% of GDP),5.26964048,5.82750134,5.68259172,5.73525429,6.02917167,6.13029735,6.10144597,5.79295272,5.61768869,5.26602641,4.99637414
Greenland,GRL,Current health expenditure (% of GDP),,,,,,,,,,,
Guatemala,GTM,Current health expenditure (% of GDP),6.6264241,6.92972084,6.70843247,6.52445489,6.61727539,6.41021396,6.17231451,6.26312554,6.21958841,6.20482205,5.71638638
Guam,GUM,Current health expenditure (% of GDP),,,,,,,,,,,
Guyana,GUY,Current health expenditure (% of GDP),5.3545234,3.98689653,4.03587107,4.16340767,4.59965726,4.64513283,4.91412351,4.83490078,4.98030173,5.14073899,4.47959547
High income,HIC,Current health expenditure (% of GDP),10.43870744,10.46177764,10.43508235,10.61633074,11.59496248,11.50828222,11.52288585,11.65169281,11.782796,11.9497252,12.37699736
"Hong Kong SAR, China",HKG,Current health expenditure (% of GDP),,,,,,,,,,,
Honduras,HND,Current health expenditure (% of GDP),7.23821341,7.49824033,7.78619267,8.11684633,8.49036231,8.22617319,7.64115993,8.43328749,8.23170317,7.69356193,7.59248549
Heavily indebted poor countries (HIPC),HPC,Current health expenditure (% of GDP),5.449540531,5.522805492,5.759272423,5.567593147,5.816546503,5.844182854,5.570756041,5.604123555,5.696764806,5.691553265,5.960960075
Croatia,HRV,Current health expenditure (% of GDP),6.90187205,6.97723486,7.47406369,7.70480821,8.17113139,8.12300034,7.80604748,7.79695502,7.29948269,7.49048945,7.40361536
Haiti,HTI,Current health expenditure (% of GDP),5.50935549,5.5010374,6.78310915,7.65719394,8.68541997,10.21646382,10.63938909,10.08947788,7.23788227,7.18399262,6.86828112
Hungary,HUN,Current health expenditure (% of GDP),8.02863187,7.84001611,7.25509019,7.13502424,7.28355933,7.55835933,7.58013875,7.49754119,7.28833308,7.14081101,7.23613379
IBRD only,IBD,Current health expenditure (% of GDP),5.132329912,5.086118172,5.038836786,5.102385679,5.442195488,5.249513022,5.191447921,5.250826404,5.313892569,5.362432939,5.532051755
IDA & IBRD total,IBT,Current health expenditure (% of GDP),5.071861733,5.02894766,4.993734661,5.048966489,5.368975324,5.190968537,5.127225358,5.185010248,5.248410468,5.295352687,5.460265476
IDA total,IDA,Current health expenditure (% of GDP),4.255623964,4.286831965,4.373060875,4.284230531,4.325597443,4.318341954,4.134230641,4.216849106,4.321009925,4.385277514,4.540582941
IDA blend,IDB,Current health expenditure (% of GDP),3.714224471,3.818212116,3.836962616,3.725404732,3.602344162,3.666636103,3.463282141,3.567137305,3.701769954,3.701036578,3.851408258
Indonesia,IDN,Current health expenditure (% of GDP),2.7587607,2.85977083,3.07534261,2.8079594,2.8345809,3.45246938,3.34239123,3.37513792,3.37069441,3.44035739,3.34743137
IDA only,IDX,Current health expenditure (% of GDP),4.808726802,4.819912318,4.965865574,4.949369328,5.097824975,5.044254493,4.90226505,4.942606056,4.997880642,5.13883806,5.244469199
Isle of Man,IMN,Current health expenditure (% of GDP),,,,,,,,,,,
India,IND,Current health expenditure (% of GDP),3.7911623,3.63477792,3.51754173,3.5146788,3.48538026,3.27212144,3.24645022,3.32847398,3.74842646,3.62952477,3.88825688
Not classified,INX,Current health expenditure (% of GDP),,,,,,,,,,,
Ireland,IRL,Current health expenditure (% of GDP),7.64651225,7.5106022,7.79887264,9.10599391,10.51131173,10.5408639,9.93500499,10.06057951,10.41887461,9.91316921,7.76144215
"Iran, Islamic Rep.",IRN,Current health expenditure (% of GDP),5.96909041,5.81282592,5.76242951,6.12740815,7.4686157,7.77940426,6.69041753,6.76123659,6.26189746,7.05538394,7.59492036
Iraq,IRQ,Current health expenditure (% of GDP),2.89742293,2.42247772,3.10637202,3.03573875,3.76825902,3.30276123,2.87080235,3.18465021,3.18639194,3.39352241,3.39701631
Iceland,ISL,Current health expenditure (% of GDP),9.21362009,8.91931469,8.72122793,8.71587647,9.05863512,8.8083617,8.64166298,8.69072538,8.69644398,8.78433245,8.6091496
Israel,ISR,Current health expenditure (% of GDP),7.12714124,6.93670699,6.91309028,7.00083628,7.08821966,7.05179319,6.99899575,7.13197051,7.10052786,7.43915845,7.4313808
Italy,ITA,Current health expenditure (% of GDP),8.3612048,8.45968681,8.16283649,8.56183142,8.97653684,8.95361182,8.83464291,8.95606116,8.95226727,9.01144092,8.99632037
Jamaica,JAM,Current health expenditure (% of GDP),4.12280548,4.37392675,5.09386507,5.49315344,5.24604853,5.37769668,5.48140454,5.26143429,5.82503893,5.53112579,5.92552565
Jordan,JOR,Current health expenditure (% of GDP),8.8624472,8.05590423,8.3007732,8.75370349,9.5020163,8.06029139,8.34126926,7.99435478,7.34961177,7.4143672,6.28439713
Japan,JPN,Current health expenditure (% of GDP),7.78066856,7.80784261,7.89046068,8.19951431,9.05829702,9.15677291,10.61671765,10.79065328,10.79159414,10.83580344,10.89815618
Kazakhstan,KAZ,Current health expenditure (% of GDP),4.04437725,3.71702511,3.24521361,3.58189125,4.29794485,4.20254275,3.62114297,3.98420007,3.76616703,3.64226279,3.88047502
Kenya,KEN,Current health expenditure (% of GDP),5.0552042,4.64866932,5.02866341,4.83550885,5.32360521,6.40026309,5.54717065,5.65767376,5.68277723,5.47130015,5.22017671
Kyrgyz Republic,KGZ,Current health expenditure (% of GDP),7.45009192,8.31183165,6.93212131,6.59160856,6.98004967,7.0793229,7.1606608,8.53521585,8.18745588,8.31271203,8.21788363
Cambodia,KHM,Current health expenditure (% of GDP),7.05327045,5.93262098,4.90211106,6.60109416,7.5833059,6.93072062,7.50353116,7.26115581,6.9073057,6.17693328,5.98226009
Kiribati,KIR,Current health expenditure (% of GDP),11.50462585,11.73847222,11.56942308,14.24638554,13.68005988,9.3739521,8.78063953,8.69406593,9.36154639,9.60014563,7.61327578
St. Kitts and Nevis,KNA,Current health expenditure (% of GDP),5.11370216,5.37301234,5.2464406,5.54370381,5.70213976,5.72687065,5.7297714,5.70643672,5.63131577,5.68470402,5.61781828
"Korea, Rep.",KOR,Current health expenditure (% of GDP),5.08239575,5.49753028,5.66152691,5.81713553,6.36247051,6.50482489,6.55843919,6.72750746,6.90492637,7.12494908,7.39052728
Kuwait,KWT,Current health expenditure (% of GDP),2.37780377,2.25317701,2.13317127,1.93337675,3.86933454,2.75702785,2.61810894,2.5737754,2.5854337,3.19758021,4.03326864
Latin America & Caribbean (excluding high income),LAC,Current health expenditure (% of GDP),6.524769633,6.600376566,6.707273643,6.654146274,7.128404846,6.880822486,6.832899055,6.749869497,6.82941509,6.931433676,7.416314308
Lao PDR,LAO,Current health expenditure (% of GDP),4.83582959,4.12145398,3.49919442,3.01994289,4.04189518,3.19253201,2.16192489,2.25182817,2.66362486,2.57288668,2.80561369
Lebanon,LBN,Current health expenditure (% of GDP),7.62348364,8.75019148,8.64694222,7.89521561,7.05907889,7.52354651,8.14712434,7.95491552,7.49824263,7.35766012,7.43147196
Liberia,LBR,Current health expenditure (% of GDP),8.50567566,8.07582687,10.25694971,11.02908057,10.58634239,9.97967465,10.52849576,9.28331708,9.16600505,14.09800197,15.18650331
Libya,LBY,Current health expenditure (% of GDP),2.59774676,2.51431359,2.43791212,2.32850697,3.87124747,3.36638775,4.98422713,,,,
St. Lucia,LCA,Current health expenditure (% of GDP),5.58134059,5.40552272,6.03269128,6.13632224,6.15513214,6.62183119,6.86725469,6.94858053,7.25985234,5.78185522,5.96353828
Latin America & Caribbean,LCN,Current health expenditure (% of GDP),6.517203074,6.561190631,6.654007286,6.618972563,7.121434601,6.869849122,6.787625322,6.72649383,6.827241846,6.927641542,7.385305541
Least developed countries: UN classification,LDC,Current health expenditure (% of GDP),4.525277199,4.435426531,4.51557089,4.387314693,4.587045659,4.442906633,4.296284226,4.328151111,4.446637173,4.59114151,4.765877845
Low income,LIC,Current health expenditure (% of GDP),5.32084615,5.34824682,5.416312948,5.429492301,5.76262332,6.273707174,5.783666098,5.789932151,5.711013647,5.928475296,6.071007288
Liechtenstein,LIE,Current health expenditure (% of GDP),,,,,,,,,,,
Sri Lanka,LKA,Current health expenditure (% of GDP),3.78041998,3.72780352,3.63993346,3.5481688,3.69862067,2.9710642,2.94717196,2.60568439,2.77294245,2.8304062,2.96601516
Lower middle income,LMC,Current health expenditure (% of GDP),3.967381749,3.932432203,3.902765891,3.855910896,3.871875414,3.796577898,3.74573777,3.864874793,4.056596416,3.925105329,4.049025513
Low & middle income,LMY,Current health expenditure (% of GDP),4.984361872,4.946575661,4.906620009,4.946276683,5.265547529,5.093979456,5.04293975,5.107438409,5.166212977,5.219164251,5.372694259
Lesotho,LSO,Current health expenditure (% of GDP),5.29394041,5.90875738,6.97579596,7.50781469,8.32828548,6.24850681,7.21232947,7.68609953,7.91520562,8.61609506,8.36260694
Late-demographic dividend,LTE,Current health expenditure (% of GDP),5.210963709,5.175659598,5.135048823,5.234843609,5.658665192,5.412737168,5.355448888,5.399599047,5.474913961,5.586698882,5.720114172
Lithuania,LTU,Current health expenditure (% of GDP),5.63745096,5.83906442,5.75743698,6.28817328,7.35535441,6.8146869,6.4939425,6.28819546,6.13391768,6.17791746,6.51478014
Luxembourg,LUX,Current health expenditure (% of GDP),7.18410975,6.70957809,6.23422425,6.53786397,7.33959136,7.03065126,6.1120571,6.57173882,6.54780307,6.26572665,6.04774196
Latvia,LVA,Current health expenditure (% of GDP),8.85355766,8.8181052,8.8529169,8.5163657,8.86383542,8.6271369,7.92479645,7.64328038,7.51361289,7.82503769,5.76059881
"Macao SAR, China",MAC,Current health expenditure (% of GDP),,,,,,,,,,,
St. Martin (French part),MAF,Current health expenditure (% of GDP),,,,,,,,,,,
Morocco,MAR,Current health expenditure (% of GDP),4.76469852,4.94123764,5.42293508,5.30251674,5.84124489,5.86408866,5.73299337,5.74942274,5.64798429,5.66501093,5.52786362
Monaco,MCO,Current health expenditure (% of GDP),2.11666759,2.01992917,1.78848015,1.92448523,2.27668525,2.33102321,2.17897712,2.23542721,2.14871755,2.0883706,2.03063504
Moldova,MDA,Current health expenditure (% of GDP),9.55816723,10.54442498,11.01963378,10.99918461,13.67702622,12.15822824,10.912133,10.92740064,10.32628733,10.28384064,10.17682846
Madagascar,MDG,Current health expenditure (% of GDP),5.51235821,5.6075183,5.27872174,4.62819104,5.08208917,5.36737154,5.00145865,3.80134218,4.03600814,4.87813521,5.23778965
Maldives,MDV,Current health expenditure (% of GDP),8.79283515,8.02728015,8.92110914,11.57295182,10.64173956,9.31557715,10.16275787,8.44382385,10.98431332,13.04289847,11.49687913
Middle East & North Africa,MEA,Current health expenditure (% of GDP),4.211871996,4.110948829,4.173672445,4.076726291,5.159970411,4.904729451,4.664074891,4.768810568,4.736612038,5.096858937,5.459110919
Mexico,MEX,Current health expenditure (% of GDP),5.92160603,5.71446221,5.819359,5.74396167,6.17559343,6.01995175,5.75539233,5.92407184,6.01401745,5.69102741,5.86449037
Marshall Islands,MHL,Current health expenditure (% of GDP),26.28885217,27.41782153,22.82996026,21.74594575,20.89985686,19.30102848,19.06229249,18.70850108,19.45022618,18.79151803,22.11608212
Middle income,MIC,Current health expenditure (% of GDP),4.978278507,4.939652095,4.89808352,4.939506202,5.258175831,5.077677144,5.033206658,5.096875679,5.157497904,5.207463655,5.360496665
North Macedonia,MKD,Current health expenditure (% of GDP),8.35305785,8.10645522,7.04967469,7.00120881,6.97724836,7.00891621,6.63271803,6.40662462,6.53486948,6.15024087,6.09170828
Mali,MLI,Current health expenditure (% of GDP),4.98562701,5.25313737,5.24872465,4.80574051,4.6960075,4.42826054,4.10032662,4.40235004,5.42638571,5.79608207,5.79663385
Malta,MLT,Current health expenditure (% of GDP),8.69086353,8.84483111,8.2140165,7.96596342,8.08034405,8.2099066,8.56188329,8.62151508,8.85264377,9.45605812,9.61684153
Myanmar,MMR,Current health expenditure (% of GDP),1.82990329,1.72411189,1.64862754,1.84595961,2.00477134,1.85601806,1.68695679,1.94540962,1.97497865,4.88644105,4.94925346
Middle East & North Africa (excluding high income),MNA,Current health expenditure (% of GDP),4.861835012,4.776976766,4.867222038,4.99745643,5.951897034,5.896566068,5.609700414,5.799061914,5.435699501,5.646765241,5.838448786
Montenegro,MNE,Current health expenditure (% of GDP),7.70269972,7.23871568,6.60151101,6.17436676,5.52882316,5.85572344,5.831664,6.14216545,6.04690782,5.88303142,5.97029617
Mongolia,MNG,Current health expenditure (% of GDP),4.22670024,3.47723379,3.83362233,4.12501955,4.1652237,4.17872934,4.05163322,3.68419125,4.00060481,3.82708813,3.86991881
Northern Mariana Islands,MNP,Current health expenditure (% of GDP),,,,,,,,,,,
Mozambique,MOZ,Current health expenditure (% of GDP),6.43965093,6.16022508,5.43359395,4.61514185,4.96171316,5.11829814,4.43564825,5.14836046,4.69812592,5.52596151,5.35312059
Mauritania,MRT,Current health expenditure (% of GDP),4.46613856,3.39521358,3.62926312,3.79599561,3.90701488,3.33470142,3.16638586,3.34404904,3.62819069,4.20351497,4.63981866
Mauritius,MUS,Current health expenditure (% of GDP),3.72275658,3.81566722,3.73474142,4.13661975,4.36723945,4.71432066,4.40558808,4.3600865,4.66836846,5.36825937,5.53717104
Malawi,MWI,Current health expenditure (% of GDP),6.05505204,6.91642471,7.66315728,8.59821658,8.26965939,7.24141347,7.49375034,8.47897135,11.57910481,9.71204801,9.33097184
Malaysia,MYS,Current health expenditure (% of GDP),2.92701948,3.26734064,3.2620223,3.10010891,3.42375414,3.32926452,3.47462569,3.62978231,3.67336724,3.88997781,3.99868581
North America,NAC,Current health expenditure (% of GDP),14.09578833,14.18778579,14.38582286,14.73890536,15.8373171,15.82887517,15.72371184,15.73287312,15.70576815,15.90519961,16.32890404
Namibia,NAM,Current health expenditure (% of GDP),12.40226097,12.13640168,10.92996444,9.85428286,8.20917622,9.4673763,9.71533546,9.18928519,8.63743153,8.1610811,8.92994795
New Caledonia,NCL,Current health expenditure (% of GDP),,,,,,,,,,,
Niger,NER,Current health expenditure (% of GDP),7.18405405,7.45743992,6.99922474,6.71422407,6.81537987,6.24818284,6.45208871,6.00368111,6.08937704,5.85464782,7.1651979
Nigeria,NGA,Current health expenditure (% of GDP),3.81360527,3.87697518,3.78735016,3.70661935,3.52578861,3.26890232,3.30148448,3.32562252,3.39572648,3.33091415,3.56466763
Nicaragua,NIC,Current health expenditure (% of GDP),5.51383505,5.65546101,6.46380586,6.60624581,7.11736582,6.50757169,7.09159255,7.49873888,7.36090645,7.61454026,7.80707539
Netherlands,NLD,Current health expenditure (% of GDP),9.27056354,9.18211674,9.23702289,9.51053425,10.23626324,10.40288039,10.52050133,10.9036803,10.89740267,10.8585376,10.6902779
Norway,NOR,Current health expenditure (% of GDP),8.3327719,7.91631156,8.05192307,7.96597809,9.06976916,8.91031158,8.79091596,8.77446034,8.92979596,9.3462524,9.97554719
Nepal,NPL,Current health expenditure (% of GDP),4.50666956,4.0425083,4.18959451,4.35452114,4.4505966,4.97475029,5.07842356,5.16786408,5.68052349,5.82126186,6.14698721
Nauru,NRU,Current health expenditure (% of GDP),12.57138542,14.35041815,26.18945329,19.51987684,10.31331704,10.66173733,8.24776202,7.45254596,4.8610674,5.52748897,4.84315363
New Zealand,NZL,Current health expenditure (% of GDP),8.27339937,8.6329458,8.32137708,9.14237045,9.67047825,9.65892554,9.56422827,9.69944912,9.40671476,9.40288144,9.34035114
OECD members,OED,Current health expenditure (% of GDP),10.46069022,10.49791732,10.48302968,10.70371157,11.6602711,11.58909183,11.6419647,11.78845684,11.89741211,12.03618578,12.44375404
Oman,OMN,Current health expenditure (% of GDP),2.60195828,2.31084129,2.42577995,2.01221851,2.8301945,2.74407857,2.55078962,2.56146845,2.81285737,3.49589302,3.82790443
Other small states,OSS,Current health expenditure (% of GDP),4.623378361,4.304097855,4.117780521,3.737475582,4.266322958,3.87348207,3.59545984,3.588706236,3.797809386,4.059898542,4.697342306
Pakistan,PAK,Current health expenditure (% of GDP),2.91856774,3.24107561,3.34331138,3.03583981,2.61890291,2.59675862,2.35718012,2.3593994,2.60280207,2.72200845,2.6894981
Panama,PAN,Current health expenditure (% of GDP),6.56093101,6.93543673,6.61453752,6.54784385,6.46972212,6.63709846,6.02518031,6.11329698,6.59639927,6.84323576,7.00916167
Peru,PER,Current health expenditure (% of GDP),4.55012459,4.50698947,4.39466008,4.44122629,4.94706203,4.71963984,4.61953901,4.74831797,4.81234028,5.07421831,5.26480404
Philippines,PHL,Current health expenditure (% of GDP),3.90041854,3.94585024,3.91954147,4.02792245,4.35353159,4.31276246,4.20609301,4.37465269,4.46381099,4.18894473,4.41351594
Palau,PLW,Current health expenditure (% of GDP),8.95548306,9.36827082,9.80653,9.44878323,10.14072219,11.5455213,10.4391692,11.4212727,11.80486991,11.87816932,10.64553884
Papua New Guinea,PNG,Current health expenditure (% of GDP),3.69338996,3.66678694,3.64453686,3.11496384,3.33931718,3.0911841,3.20489512,3.67710394,4.87554158,4.46931993,3.76825627
Poland,POL,Current health expenditure (% of GDP),5.80727181,5.80066618,5.8729005,6.37342514,6.58685972,6.41907151,6.23388228,6.20117811,6.37569014,6.24862581,6.34723395
Pre-demographic dividend,PRE,Current health expenditure (% of GDP),4.297179126,4.211811976,4.285429519,4.115566795,4.352404642,4.082050055,3.856908845,3.937459304,4.065285703,4.072724893,4.397602888
Puerto Rico,PRI,Current health expenditure (% of GDP),,,,,,,,,,,
"Korea, Dem. People’s Rep.",PRK,Current health expenditure (% of GDP),,,,,,,,,,,
Portugal,PRT,Current health expenditure (% of GDP),9.43340859,9.13617249,9.06581211,9.35251067,9.87895003,9.81947515,9.53115801,9.34825235,9.08954462,9.02232563,8.97237559
Paraguay,PRY,Current health expenditure (% of GDP),4.98118689,5.30607554,5.37730856,5.49164739,6.20402944,6.22590623,6.72912419,7.61891312,6.9693876,7.62557046,7.81978726
West Bank and Gaza,PSE,Current health expenditure (% of GDP),,,,,,,,,,,
Pacific island small states,PSS,Current health expenditure (% of GDP),5.502926488,5.561094487,5.328164144,5.194625875,5.612394225,5.453246155,5.193329779,5.531731538,5.531611524,5.632979314,5.584960441
Post-demographic dividend,PST,Current health expenditure (% of GDP),10.69591546,10.75165729,10.7373294,10.96680691,11.92109772,11.8910664,11.97177109,12.13175077,12.26792655,12.42998265,12.86677284
French Polynesia,PYF,Current health expenditure (% of GDP),,,,,,,,,,,
Qatar,QAT,Current health expenditure (% of GDP),2.56908809,2.20339097,1.97332992,1.60012189,2.14952273,1.7892391,1.59996201,1.74822152,2.07617521,2.42296241,3.05900331
Romania,ROU,Current health expenditure (% of GDP),5.45876468,5.00907337,5.11153525,5.1707636,5.48894192,5.70801251,4.65105826,4.70583453,5.17776913,5.03454647,4.95441798
Russian Federation,RUS,Current health expenditure (% of GDP),5.08308371,5.10387824,5.14572763,5.17809541,5.9408339,5.27864189,5.12080017,5.34290078,5.53627319,5.69777394,5.56294786
Rwanda,RWA,Current health expenditure (% of GDP),7.47885056,8.28494484,8.67831498,8.71556687,9.21375205,9.32984973,8.93422583,8.50102909,7.90588334,8.22179299,7.89529324
South Asia,SAS,Current health expenditure (% of GDP),3.679388159,3.570864297,3.504183497,3.463523615,3.411214588,3.233782164,3.193160293,3.23960041,3.605402085,3.531770593,3.726584453
Saudi Arabia,SAU,Current health expenditure (% of GDP),3.41867009,3.54965069,3.48742997,2.87019851,4.08646481,3.49301433,3.62535598,3.92993728,4.39034569,5.09850361,5.83317193
Sudan,SDN,Current health expenditure (% of GDP),4.09417518,4.86432134,5.9517155,5.75278162,5.79395708,5.33217759,6.12298791,5.27663295,6.29223814,5.30771147,6.31286382
Senegal,SEN,Current health expenditure (% of GDP),4.60699476,4.63884575,4.10749856,4.28760312,4.15978087,4.00881742,3.94966517,3.8228206,3.84792645,3.89958559,3.97026571
Singapore,SGP,Current health expenditure (% of GDP),3.04296316,2.95129263,2.85263773,3.21793159,3.40279713,3.22588651,3.17496949,3.36916035,3.7206894,3.92728353,4.25217534
Solomon Islands,SLB,Current health expenditure (% of GDP),10.14170408,9.0876795,8.67551557,8.07277742,7.89805898,7.35979564,7.53006818,9.2860789,6.8380682,8.35479754,8.02723945
Sierra Leone,SLE,Current health expenditure (% of GDP),9.77886033,9.19286734,8.85327152,9.12644451,9.89047518,9.22345501,10.55461439,8.90337122,11.56771837,19.72749082,18.31858759
El Salvador,SLV,Current health expenditure (% of GDP),7.18816179,6.67505808,6.31542559,6.21389576,6.83074391,6.91464775,6.80694931,6.70373232,6.91896398,6.79654509,6.91453064
San Marino,SMR,Current health expenditure (% of GDP),4.06011489,4.32593188,4.52773114,4.74774192,5.43087347,5.77979974,6.54282699,7.10848822,6.9687251,6.86854361,6.81131302
Somalia,SOM,Current health expenditure (% of GDP),,,,,,,,,,,
Serbia,SRB,Current health expenditure (% of GDP),8.73542463,9.0139679,10.04708246,10.06221313,9.91162915,10.09809874,9.66273184,9.91592664,9.90040196,9.84231419,9.40507954
Sub-Saharan Africa (excluding high income),SSA,Current health expenditure (% of GDP),5.320923242,5.180286161,5.110062734,4.927228331,5.241165525,5.316815023,5.176865501,5.120738188,5.080295143,5.004190717,5.336700972
South Sudan,SSD,Current health expenditure (% of GDP),,,,,,,,2.57274952,2.14817939,2.10564455,2.53095944
Sub-Saharan Africa,SSF,Current health expenditure (% of GDP),5.319169921,5.178549392,5.108168995,4.925276736,5.239094868,5.315542941,5.175691332,5.120274105,5.079088829,5.002999798,5.335086646
Small states,SST,Current health expenditure (% of GDP),4.746617504,4.473964079,4.346664187,4.016723859,4.587795537,4.203076026,3.936794054,3.942435847,4.116789833,4.324340341,4.953977084
Sao Tome and Principe,STP,Current health expenditure (% of GDP),12.12473046,6.93137384,6.59930207,4.87366358,7.15792067,5.33266006,5.45259869,7.2501258,9.07566225,8.89159856,9.84274001
Suriname,SUR,Current health expenditure (% of GDP),7.72496783,6.30582618,5.56084446,5.75393263,5.7574107,5.44743357,5.60117281,5.7151754,5.68345018,5.78410558,6.54831915
Slovak Republic,SVK,Current health expenditure (% of GDP),6.59792205,6.86156875,7.18981221,6.96639296,7.95678435,7.80112257,7.41832892,7.63384294,7.52781115,6.92111015,6.88594228
Slovenia,SVN,Current health expenditure (% of GDP),7.96504212,7.80212895,7.49448974,7.84938816,8.56174826,8.56162351,8.54011378,8.72710784,8.75674539,8.54159658,8.54318382
Sweden,SWE,Current health expenditure (% of GDP),8.27739469,8.16106452,8.07390721,8.31308546,8.94447909,8.48640651,10.67897654,10.9382056,11.10079845,11.14127066,11.01207026
Eswatini,SWZ,Current health expenditure (% of GDP),5.85483115,6.19434157,6.25711648,7.26594174,7.07384007,8.20718748,8.45925665,7.42339839,7.27387856,7.22949034,7.04291105
Sint Maarten (Dutch part),SXM,Current health expenditure (% of GDP),,,,,,,,,,,
Seychelles,SYC,Current health expenditure (% of GDP),3.92908251,3.6894262,3.2528973,2.5850932,2.56308304,3.58485731,3.52615018,4.4076258,3.50416036,3.3881621,3.39095128
Syrian Arab Republic,SYR,Current health expenditure (% of GDP),4.10969776,3.82503992,3.72789121,3.40296534,3.54865806,3.40675402,3.32799505,3.56555954,,,
Turks and Caicos Islands,TCA,Current health expenditure (% of GDP),,,,,,,,,,,
Chad,TCD,Current health expenditure (% of GDP),4.85798415,4.8807217,4.36115402,4.07420712,4.45812477,4.06953414,3.91470397,3.58766687,4.80958093,4.56972893,4.57628264
East Asia & Pacific (IDA & IBRD countries),TEA,Current health expenditure (% of GDP),4.029135392,3.949004961,3.85879117,4.053623976,4.376728475,4.288001119,4.419701428,4.585167316,4.664545977,4.779943105,5.08909529
Europe & Central Asia (IDA & IBRD countries),TEC,Current health expenditure (% of GDP),5.422557903,5.413903223,5.415751792,5.472652952,5.999454016,5.566684853,5.276459504,5.384963293,5.496994046,5.515838541,5.432704897
Togo,TGO,Current health expenditure (% of GDP),4.24722281,4.40147631,4.64034768,4.60942559,5.23330716,6.34087197,6.15348141,6.12165667,6.60707344,6.46809172,6.64913046
Thailand,THA,Current health expenditure (% of GDP),3.38724424,3.31706233,3.39732196,3.70003071,3.86643737,3.626057,3.82808477,3.52531159,3.45679151,3.71199254,3.77148642
Tajikistan,TJK,Current health expenditure (% of GDP),5.20621626,4.99845,5.52995632,5.91148587,5.92995353,5.83943391,5.95794876,6.00739021,6.33877248,6.72731877,6.85373543
Turkmenistan,TKM,Current health expenditure (% of GDP),9.55530318,8.41321373,5.28883208,5.90518869,4.81248399,4.99636017,4.89650853,4.77595158,5.15063283,5.49777327,6.25480615
Latin America & the Caribbean (IDA & IBRD countries),TLA,Current health expenditure (% of GDP),6.519875123,6.560893518,6.653614048,6.617229701,7.120746227,6.868663651,6.785672412,6.72360699,6.825289359,6.926508213,7.385288898
Timor-Leste,TLS,Current health expenditure (% of GDP),1.32154215,0.96643906,1.05013,1.00595819,1.56568986,1.3364562,1.19445875,1.19164293,1.65011723,2.25848563,3.09402683
Middle East & North Africa (IDA & IBRD countries),TMN,Current health expenditure (% of GDP),4.861835012,4.776976766,4.867222038,4.99745643,5.951897034,5.896566068,5.609700414,5.799061914,5.435699501,5.646765241,5.838448786
Tonga,TON,Current health expenditure (% of GDP),4.6471402,5.55475116,5.43804558,6.12939466,4.55837785,4.94986566,4.54510631,4.99715929,4.97256528,5.24946231,5.86010391
South Asia (IDA & IBRD),TSA,Current health expenditure (% of GDP),3.679388159,3.570864297,3.504183497,3.463523615,3.411214588,3.233782164,3.193160293,3.23960041,3.605402085,3.531770593,3.726584453
Sub-Saharan Africa (IDA & IBRD countries),TSS,Current health expenditure (% of GDP),5.319169921,5.178549392,5.108168995,4.925276736,5.239094868,5.315542941,5.175691332,5.120274105,5.079088829,5.002999798,5.335086646
Trinidad and Tobago,TTO,Current health expenditure (% of GDP),4.91482296,4.21414798,4.41261152,4.06472944,5.95779915,5.17001777,5.08048732,5.20830682,5.13461219,5.19425769,6.01520913
Tunisia,TUN,Current health expenditure (% of GDP),5.39736094,5.38218158,5.42944045,5.41763669,5.64995037,5.88395597,6.43202883,6.60642299,6.85589041,6.81160799,6.74049066
Turkey,TUR,Current health expenditure (% of GDP),4.94162974,5.18844302,5.28075705,5.25939953,5.53390813,5.053656,4.68789031,4.47785046,4.40411751,4.34726586,4.13853307
Tuvalu,TUV,Current health expenditure (% of GDP),11.09014643,11.32468667,10.71445938,10.54851111,12.57672857,14.44752,13.7442,12.97371282,13.775255,14.67078537,14.95584059
Tanzania,TZA,Current health expenditure (% of GDP),,,,,,,,7.65989778,6.56218919,6.40689802,6.12306537
Uganda,UGA,Current health expenditure (% of GDP),11.34749297,11.95820711,11.71902545,7.64639507,7.73167384,10.74961039,8.57889992,7.81789384,7.16988123,7.25443197,7.30193117
Ukraine,UKR,Current health expenditure (% of GDP),6.11261388,6.18080445,5.7956141,5.29497548,6.36454889,6.35432256,6.23690103,6.77142579,6.93748802,6.13876858,6.13449593
Upper middle income,UMC,Current health expenditure (% of GDP),5.27940815,5.242281447,5.193306588,5.235002223,5.65847473,5.452028841,5.390163818,5.43219722,5.451052122,5.555137088,5.748559632
Uruguay,URY,Current health expenditure (% of GDP),8.63400057,8.9484644,7.94047078,7.94239082,8.47251649,8.39210303,8.33729862,8.86331575,9.08070158,9.06461847,9.22392806
United States,USA,Current health expenditure (% of GDP),14.54512642,14.6606338,14.90061049,15.29397329,16.33782261,16.3967255,16.35812672,16.35506857,16.3229202,16.51620713,16.83613019
Uzbekistan,UZB,Current health expenditure (% of GDP),5.33939546,5.57052647,4.89762942,4.96344605,5.14096439,5.46038348,5.55251131,5.95468924,5.88626406,5.92439899,6.23430295
St. Vincent and the Grenadines,VCT,Current health expenditure (% of GDP),3.74258495,3.53368956,3.58372679,3.87759917,4.0418036,4.44083374,4.30070916,4.5017929,4.37574199,4.24927327,4.21448914
"Venezuela, RB",VEN,Current health expenditure (% of GDP),4.04489751,4.12589931,4.52797883,4.41437144,5.12398119,4.52669424,4.83970895,3.71771441,3.5096725,3.62914505,3.16147665
British Virgin Islands,VGB,Current health expenditure (% of GDP),,,,,,,,,,,
Virgin Islands (U.S.),VIR,Current health expenditure (% of GDP),,,,,,,,,,,
Vietnam,VNM,Current health expenditure (% of GDP),4.98022425,5.27884033,5.34307246,5.01921798,5.17166553,5.85440514,5.76142367,6.47771343,6.37148967,5.78317723,5.65262156
Vanuatu,VUT,Current health expenditure (% of GDP),1.90479847,1.97410695,1.41803466,1.31252083,2.03907575,2.77452995,2.26305422,2.67854275,5.44627591,3.61613111,3.54945303
World,WLD,Current health expenditure (% of GDP),9.321665646,9.220779941,9.065846381,9.084160727,9.831742686,9.526602808,9.395882643,9.409982535,9.4415707,9.538851226,9.896475888
Samoa,WSM,Current health expenditure (% of GDP),5.22788794,5.56649369,4.36427302,4.76630576,5.73324607,5.27726599,5.40390542,4.93630246,6.10383153,6.04666929,5.57923021
Kosovo,XKX,Current health expenditure (% of GDP),,,,,,,,,,,
"Yemen, Rep.",YEM,Current health expenditure (% of GDP),4.5804801,4.62503975,4.91766101,5.11744651,5.31633754,5.17144739,5.0414585,5.73349373,5.77556499,5.63698963,5.98263363
South Africa,ZAF,Current health expenditure (% of GDP),6.705757,6.58706226,6.43131551,6.54576054,7.11458732,7.41535682,7.49731726,7.75255298,7.72136942,7.92530374,8.20115459
Zambia,ZMB,Current health expenditure (% of GDP),7.38851155,5.32748547,4.79178177,5.45808118,5.17036339,4.60425329,4.61948165,4.8282764,5.12306375,5.09667521,5.35428737
Zimbabwe,ZWE,Current health expenditure (% of GDP),,,,,,11.606917,9.3425852,8.30771966,7.6759962,8.88631689,10.31719793